{"cameraMode":{"drawMode":0,"name":"Shaded","section":"Shading Mode"},"sceneLighting":true,"audioPlay":false,"sceneViewState":{"m_AlwaysRefresh":false,"showFog":true,"showSkybox":true,"showFlares":true,"showImageEffects":true,"showParticleSystems":true,"showVisualEffectGraphs":true,"m_FxEnabled":true},"in2DMode":false,"pivot":{"x":0.07848384231328964,"y":1.6306275129318238,"z":0.27901145815849306},"rotation":{"x":0.0539465993642807,"y":0.03174469247460365,"z":-0.0017158101545646787,"w":0.9980385303497315},"size":0.3442968428134918,"orthographic":true}